Data,PBEE_Hidroelectr,PBEE_Carbo,PBEE_GasNat,PBEE_Fuel-Oil,PBEE_CiclComb,PBEE_Nuclear,CDEEBC_ProdBruta,CDEEBC_ConsumAux,CDEEBC_ProdNeta,CDEEBC_ConsumBomb,CDEEBC_ProdDisp,CDEEBC_TotVendesXarxaCentral,CDEEBC_SaldoIntercanviElectr,CDEEBC_DemandaElectr,CDEEBC_TotalEBCMercatRegulat,CDEEBC_TotalEBCMercatLliure,FEE_Industria,FEE_Terciari,FEE_Domestic,FEE_Primari,FEE_Energetic,FEEI_ConsObrPub,FEEI_SiderFoneria,FEEI_Metalurgia,FEEI_IndusVidre,FEEI_CimentsCalGuix,FEEI_AltresMatConstr,FEEI_QuimPetroquim,FEEI_ConstrMedTrans,FEEI_RestaTransforMetal,FEEI_AlimBegudaTabac,FEEI_TextilConfecCuirCal√ßat,FEEI_PastaPaperCartro,FEEI_AltresIndus,DGGN_PuntFrontEnagas,DGGN_DistrAlimGNL,DGGN_ConsumGNCentrTerm,CCAC_GasolinaAuto,CCAC_GasoilA
02/2022,130.9,0,0,0,418.2,2127.3,2676.3,96.8,2579.5,12.1,2567.4,678.2,226,3471.7,0.0%,100.0%,,,,,,,,,,,,,,,,,,,5513,27.3,929.3,78.6,324.8
03/2022,160.8,0,0,0,409.6,2351.8,2922.3,110,2812.2,15.6,2796.6,676,283.3,3755.8,0.0%,100.0%,,,,,,,,,,,,,,,,,,,5851.3,24.5,913.3,84.2,339.9
04/2022,261.5,0,0,0,406.4,2024.3,2692.1,100.4,2591.7,24.8,2566.9,651.9,156.8,3375.6,0.0%,100.0%,,,,,,,,,,,,,,,,,,,4505.9,17.9,907.8,85.9,330.3
05/2022,386.1,0,0,0,546,1574.1,2506.1,86.1,2420,21.6,2398.4,631.4,429.5,3459.3,0.0%,100.0%,,,,,,,,,,,,,,,,,,,4182.8,7.9,1141.3,92.1,337.6
01/2005,213.8,93.9,147.2,148.8,862.9,2298.2,3764.9,144.2,3620.7,61.9,3558.8,563,106.3,4228.1,60.6%,39.4%,1258,1107,968.1,28.8,16.5,24.1,96,13.4,29,67.2,32.3,359.8,48.7,119.4,133.7,104,69.3,161.2,9058.5,31.2,2223.3,97.3,283.9
02/2005,186.5,93.8,197.3,94.5,855.2,2087.2,3514.5,129.8,3384.7,56,3328.7,492.3,177.2,3998.3,59.1%,40.9%,1324.1,1147.1,1039.9,29,18.2,25.8,106,14.2,31.5,68.4,35,351.9,54.8,135.8,133.5,110.6,75.3,181.3,8737.7,29.7,2296.7,95.5,300.3
03/2005,256.9,108.2,161,198.6,785.2,1628.3,3138.3,130.4,3007.9,68.1,2939.8,511.7,607.4,4058.8,58.0%,42.0%,1366.6,1111.8,963.9,28.3,17,27.8,137.3,15.5,26.3,64,35.9,347.5,59.9,143.7,131.2,115.3,72.3,189.8,7812.7,24.7,2095.3,111.4,322.9
04/2005,279.9,40.4,143.1,4.4,765.8,1244.6,2478.1,90.3,2387.9,55.1,2332.8,518.5,871.2,3722.5,54.5%,45.5%,1440.9,1133.4,926.3,30.1,18.4,25.1,143.4,15.3,30.5,62.8,37.3,397.9,63.9,139.4,138.7,119.4,76.9,190.1,6603.4,14.4,1973.6,106.2,323.8
05/2005,477.2,106.7,157.8,1.2,548,1437.6,2728.5,111.6,2616.9,55.1,2561.8,537.5,623.2,3722.6,52.6%,47.4%,1475.4,1062.6,791.2,30.3,18.4,24,150.6,15.7,29.8,65.9,35.2,424.8,61.9,139,144.6,114.8,75.6,193.4,5749.1,9.1,1632.9,112.6,330.1
06/2005,423.4,113.8,230.9,5.6,627.9,1381.9,2783.5,122.6,2660.9,64.3,2596.6,520.1,803.6,3920.3,52.7%,47.3%,1539.4,1086.7,690.6,32.5,18.7,21.5,150.6,15,32.1,68.8,36.2,477.1,64.3,137.7,151.3,116,74.5,194.4,5722.7,8.3,2054.3,114.6,323.8
07/2005,276.9,106.7,331.6,12.7,974.2,1425.2,3127.3,137.1,2990.2,66.3,2923.9,498.9,829.3,4252.2,53.6%,46.4%,1486.8,1235.6,708,42.2,17.9,23.7,144.9,15.5,30.5,68,36.4,397.8,73.2,142.5,157.9,117.5,79.8,199.1,6905.7,7.1,3027.4,124.9,343.7
08/2005,198.4,24.1,98.9,0,851.9,1426.3,2599.6,125.3,2474.3,1,2473.3,477.4,585.1,3535.8,54.4%,45.6%,1500,1310.4,913.7,43.9,19,25.1,143.4,16.4,30.5,70.1,34.3,404.3,81.4,140.1,166.5,111,80.3,196.7,5302.8,9.6,2071.9,116.7,292
09/2005,206.2,79.3,72.1,0,857,1988.7,3203.3,135.1,3068.2,41.5,3026.7,493,316.8,3836.5,50.8%,49.2%,1219.9,1214.6,721.6,42.8,13.6,21.9,134.3,8.6,23.6,63.2,26.5,388.9,43.6,89.2,155.7,57.8,70,136.5,5998.7,8.9,1982.1,106.3,312.1
10/2005,183.2,82.9,121.7,2.4,714.2,1461.5,2566,109.5,2456.5,55.7,2400.8,451.5,878.4,3730.8,51.7%,48.3%,1492.6,1199.2,750.9,38.6,17.2,22.7,149.1,15.2,30,66,34.6,409.8,75.6,137,162.5,112.8,81.5,196,5774.1,11.1,1855.9,105.7,309.8
11/2005,215.5,73.6,92.8,6.9,776.8,2043.7,3209.2,129.1,3080.2,66.1,3014,505.7,387.8,3907.5,54.0%,46.0%,1462.4,1151.7,756.8,29.1,15.4,22.9,152,15.5,30.8,71.9,37.2,398.4,64.1,135,156.1,105.5,79.9,193.2,7131.2,21.4,1885.2,98.7,311.3
12/2005,218.1,69.4,166.9,12.5,775.8,2252.3,3495,136.7,3358.3,71.9,3286.4,488.5,605.9,4380.7,60.4%,39.6%,1346.4,1050.2,868.1,26.5,15,24.5,109.8,15.2,30,68.8,35,361.8,64.8,131.9,147.4,99.5,72,185.8,8522.5,33.9,2114.4,105.3,314.3
01/2006,244,109.5,192,51.5,799,2156,3552.1,139.4,3412.6,72,3340.6,463.1,620,4423.7,60.4%,39.6%,1346.4,1169.9,1028.9,28.6,16.2,27.8,151.2,13.2,28.9,68.1,34.4,374.7,58.7,118.7,137.7,90.1,74.5,168.5,8431.1,28.3,2205.2,92.7,297.5
02/2006,193.9,92.8,127.7,28.8,859,1964,3266.2,120.4,3145.8,63.1,3082.7,481.2,352.2,3916,60.0%,40.0%,1373.7,1184.4,1073.5,31.4,17.6,27.9,132.2,13.2,28.1,65.4,38.9,355.7,59.7,135.4,135.9,108.8,78.2,194.4,7896.4,23.3,2144.8,91.7,305.9
03/2006,260.9,78.3,17.9,0,798.3,2115.8,3271.3,127.8,3143.5,27.5,3116,512.9,517.8,4146.7,60.1%,39.9%,1387.6,1232.5,981.3,27.1,16.7,30.5,147.1,17.8,26.8,66.9,38,328.3,66.9,146.5,136.6,101.6,81.8,198.7,7138.9,24,1744.8,102.6,350.8
04/2006,331.1,97.6,0,0,810.4,814.6,2053.8,86.2,1967.6,36.9,1930.7,485.5,1135.1,3551.3,60.5%,39.5%,1473.7,1112,941.4,29.8,15.8,27.6,170.9,16.8,31.6,71.8,38.3,378.1,69.6,139.9,141,103,84.1,200.9,5720.2,10.9,1667.9,102.4,309
05/2006,381.8,95,3.7,0,849.6,1959.3,3289.4,124.9,3164.5,40.3,3124.1,473,297.5,3894.6,60.0%,40.0%,1407.8,1084.1,808.3,31.7,14,24.4,149.4,13.8,35,69.2,34,422.7,52.2,117.3,143.3,96.4,70.3,179.5,5851,6.3,1758.8,107.2,350.4
06/2006,238.2,107.6,76.4,0,873.3,2137.1,3432.7,140.7,3292,52.1,3239.8,390.2,367.1,3997.2,61.0%,39.0%,1527.5,1143.3,746,35.8,7.5,23.7,167.6,15.5,30.3,71.2,40.1,434.9,59.7,145.6,158.9,100.7,69,210.3,5819.7,4.8,2060.4,107.9,342.9
07/2006,230.1,111.9,244.4,0.8,928.1,2159.4,3674.8,145.9,3528.9,76.1,3452.8,395.3,762,4610.1,63.5%,36.5%,1520,1217.9,766.5,39,8.5,22.6,156.4,16.3,32.8,64.7,34.3,414.3,92.3,139.8,159.8,104,81.7,201,6372.6,4,2694.8,116.4,350.9
08/2006,155.3,88,77.9,0,710.5,2035.3,3067.1,134.7,2932.5,61.5,2871,377.5,495.2,3743.7,63.5%,36.5%,1501.4,1423,879,42.1,18.9,24.8,156.2,15.6,29.3,71.2,35.5,393.3,80.5,139.8,170.2,99.6,78.7,206.8,4728.8,4.2,1753.4,108,299.1
09/2006,184.3,83.5,109,0,791.5,1442.5,2610.8,112.6,2498.2,40.6,2457.6,403.4,1104.2,3965.2,62.5%,37.5%,1258.3,1297.9,775.4,43.9,8.1,22.4,149.1,8.6,29.9,65.2,26.6,383.5,36.4,98.1,162.3,59.7,70.3,146.2,5614.9,4.9,2000.4,102.4,324.3
10/2006,189.3,39.1,59.8,0,499.9,2169.5,2957.6,113,2844.6,43.1,2801.5,423.4,720.3,3945.2,62.5%,37.5%,1534.6,1297.5,801.6,36.4,8.1,26.4,162.3,15.2,30.1,66.4,35.9,442.3,81.9,129.3,168.9,93.9,84.4,197.8,5097.4,5.7,1279.5,101.9,336.3
11/2006,208.5,108.9,16.3,0,439.1,2206.2,2978.9,121.2,2857.7,39.2,2818.5,460.8,578.6,3857.8,63.9%,36.1%,1539.7,1316.5,804.5,29.8,13.1,28.9,165.5,16.1,27,75.2,36.9,410.9,69.6,148.4,165.3,102.9,91.9,200.8,5518.5,11.1,1006.2,95.1,330.2
12/2006,247.2,90.7,10.7,0,403.5,2278.2,3030.3,124.8,2905.4,50,2855.4,474.4,804.2,4134.1,67.2%,32.8%,1360.5,1074.6,808.1,25.5,10.4,24.2,125.2,14.6,31.3,70.4,36.1,360,63.9,126.5,147.5,92,76.6,192.1,6867.7,23.8,960.9,98.8,310.5
01/2007,178.7,83.7,39.5,1.8,745.1,2283.1,3331.8,134.6,3197.1,49.6,3147.5,486.1,781.7,4415.3,66.9%,33.1%,1270.4,1168.8,959.5,28.6,11.6,29.1,131.3,13,31.3,70.6,33.6,353.6,54,109.8,137.1,80.6,62.5,164,8093,25.2,1701.7,90.7,323.5
02/2007,150.6,52.3,62.4,0.6,558.8,2093.7,2918.3,110.8,2807.5,42.6,2764.9,409.2,726.9,3901,65.0%,35.0%,1393,1159.5,1086.1,27.2,14,27.9,144.7,15.3,31.3,64.1,34.1,387.7,60.9,137.7,144.1,94.5,64.2,186.6,6671.2,20.4,1410.1,86.1,317
03/2007,241.1,48.8,0,0,657.6,2072.4,3019.9,113.3,2906.6,41.8,2864.8,438.3,882.1,4185.2,63.5%,36.5%,1425.3,1230.5,948,28.4,11.9,41.4,118.1,19.7,28.8,65.6,42.1,375.9,59.6,144.1,140.5,93.6,86.5,209.4,6766.6,18.2,1445.4,100.8,367.4
04/2007,435.8,99.5,0,0,722.5,1401.7,2659.5,102.3,2557.1,37.1,2520.1,463.4,788.7,3772.2,62.6%,37.4%,1496.9,1188,907.5,28.6,11.4,30.1,167.3,13.8,29.7,72.3,38.6,405.9,55,145.6,150.6,102.5,75.4,210.2,5964.8,11.2,1536,95.6,325.8
05/2007,523.8,65.3,3.2,0,843.9,1218,2654.2,105.8,2548.4,45.3,2503.1,491.1,994.8,3988.9,59.7%,40.3%,1428.3,1233.5,859.5,27.8,9.4,27.1,153.3,14.6,29.7,75,36.2,384.2,52.1,125.5,144,91.4,112.8,182.4,5870.4,5.9,1821.3,101.1,360.9
06/2007,379.4,75.9,62.2,0,1017.7,1430,2965.2,112.5,2852.7,48.6,2804.1,453.6,807.1,4064.8,59.3%,40.7%,1548.1,1240.7,756,31.3,10.7,24.1,168.3,16.8,29.3,72.3,38,434.2,66.4,136.7,162.8,103.9,87.8,207.4,6131.5,4.8,2294.3,104.6,354.5
07/2007,252.3,98.6,92.4,0,1146.2,1481.6,3071.1,126.8,2944.3,42.6,2901.7,423.1,1044.2,4369.1,59.4%,40.6%,1516.8,1252.1,773.1,34.6,11.2,25.7,158.2,16.5,25.8,73,35.7,412.8,69.5,146.1,161.3,96.4,85.4,210.7,6455.7,4.4,2698.5,111.1,372.7
08/2007,169.9,70.4,27.2,0,905.5,1415,2587.9,111.8,2476.1,29.4,2446.7,403.1,934.1,3783.9,61.1%,38.9%,1542.6,1388.1,793.2,40.1,7.7,24,160.1,16.3,28.2,75.4,37.3,422.9,71.7,137.9,175.1,92.4,87.4,213.9,5214.6,3.8,2000.6,105.5,318.7
09/2007,183.5,82,14.1,0,946.1,1918.8,3144.4,129.5,3014.9,27.7,2987.2,385.8,613.2,3986.2,57.9%,42.1%,1267.9,1346.9,734,41.2,9.9,24.7,139.9,9.1,29.1,65.6,25.6,391.3,46.6,97.8,162.1,51.8,80.6,143.7,5740.9,4.7,2054.5,94.5,317.8
10/2007,165.1,67.7,29.6,0,1137.6,2121.7,3521.7,131.3,3390.3,40.5,3349.9,435.7,290.3,4075.9,57.8%,42.2%,1486.2,1328.2,855.7,38,14.4,25.1,161.5,14.8,29.7,70.7,33.7,426.4,66,130.5,164.2,89.8,81.7,192,6718.6,6.5,2468.7,100.5,359.6
11/2007,123.8,0,42.8,0,1389.4,1502.9,3058.9,103.9,2955,42.5,2912.5,467.4,817.2,4197,59.8%,40.2%,1574.7,1317.8,855.3,30,10.6,28.7,189.6,16.8,31.7,72.7,37.1,413.7,64.2,142.8,169.2,100.9,93.4,213.9,8530.2,16.5,2986.4,91.3,340.5
12/2007,152.2,33.4,35.9,0,1196.8,1899.4,3317.6,127.7,3189.9,62,3127.9,464,714.4,4306.3,63.4%,36.6%,1413.8,1190.5,900.5,25.4,10.7,27.6,141.8,16,30.3,65.5,36.6,372.2,60.8,136.9,151,93.6,82.5,199.2,8500.5,26.3,2578.3,92.4,311.7
01/2008,155.2,102,0.2,0,1373.8,2315.2,3946.5,140.8,3805.7,50.1,3755.7,483.8,237.8,4477.3,60.6%,39.4%,1301.9,1281.9,1070.3,28,17.7,32,131,11.5,27.4,71.3,33.1,376.2,49.6,109.7,134.4,73.7,94.2,157.8,9035.4,23.9,2814.8,85.3,329.1
02/2008,131.1,102.7,19.3,0,1119,2163.7,3535.8,132.6,3403.2,43.8,3359.5,436.4,367.8,4163.6,59.0%,41.0%,1445.8,1281.5,1128.5,30.2,15,35.1,143.1,17.1,26.8,68.5,34.7,372.7,62.4,138,152.9,93.9,98,202.6,8074.2,20.1,2387,84.8,326.6
03/2008,157.4,23.4,0,0,1168.9,2301.1,3650.7,128.1,3522.6,48.7,3473.9,530.9,156.5,4161.4,60.0%,40.0%,1391.6,1241.7,979.9,26.2,13.7,33.5,125.3,16.3,32.2,68.9,39.4,348,62.8,139.7,145.3,88.5,92.1,199.7,7646.7,19.2,2402.3,90.2,322.1
04/2008,293.3,0,26.2,0,875.9,2234.9,3430.3,108.9,3321.3,29,3292.3,497.7,179.3,3969.2,56.7%,43.3%,1430.2,1213.2,935.7,33,9.1,32.9,169.2,14.5,29,68.5,38.8,393.9,54.2,127,142.4,84.5,91.2,184.2,6329.1,12.3,1858.8,90.3,341.6
05/2008,499.3,0,0,0,777.2,2306.4,3582.9,116.6,3466.3,22.4,3443.9,497.5,-15.3,3926,56.0%,44.0%,1470.4,1223,850.7,30.2,10.3,32,163.6,13.4,29,66,36.9,395.2,62.4,132,150.4,91.4,96.8,201.2,5524.6,7.2,1653.7,91,333
06/2008,591.9,0,80.5,0,783,1563.1,3018.4,106.1,2912.3,38.1,2874.2,531.8,477.3,3883.3,55.1%,44.9%,1468.2,1161.7,767.1,27.1,10,27.8,171.6,18.4,29,64.8,37,420.8,43.4,132.9,155.6,88.6,90.7,187.6,5579.7,4.8,1907.3,90.6,308.3
07/2008,381.1,16.3,57.7,0,923.1,1604.9,2983.1,99.9,2883.2,33.7,2849.5,506.5,1101.2,4457.2,43.0%,57.0%,1385.5,1271.3,798.5,26.6,9.8,26.3,156.1,13.5,27.8,55.1,35.4,368.5,62.9,126.5,160.6,75.2,92.1,185.3,5900.4,4.3,2124.5,104.6,366.8
08/2008,218.8,34.1,106.7,0,893.8,2046.2,3299.6,100.1,3199.5,18.5,3181,446.2,261.7,3888.9,43.4%,56.6%,1410.1,1385.4,842.9,34,7.9,30.4,171.2,16.5,27.6,57.9,32.7,339.1,56.1,137.9,178.3,73.5,84,205,5324,3.7,2239.6,96,291.9
09/2008,206.9,79.2,65.4,0,929,1382.3,2662.7,80.2,2582.6,18.2,2564.4,500.9,915.3,3980.6,40.6%,59.4%,1230.5,1359.7,855.2,33.3,9.7,26.8,148.4,8.7,26.7,57.9,22.2,339.1,85.2,85.7,166.1,40.5,93.6,129.6,5841.2,5,2169.6,89.3,299
10/2008,131.1,61.5,39.9,0,1155.8,1317.9,2706.2,91.7,2614.5,27,2587.4,525.2,887.1,3999.7,40.6%,59.4%,1352.6,1418.5,935.7,39.5,10,31.4,166.9,15.1,26.7,57.9,31.5,339.1,45.8,128,162.6,83.6,88.3,175.7,6632,6.3,2548.9,91.2,327.1
11/2008,235.9,43.2,27,0,807.7,1507.1,2621,78.3,2542.7,35.3,2507.4,558.5,949.3,4015.2,46.2%,53.8%,1329.3,1269.1,811.6,42.7,9.8,32.9,137.5,15.8,26.7,58,34.1,339.1,42.9,124.4,167.3,78.9,88.1,183.7,7034.1,18.6,1825.4,82.6,295.4
01/2009,247.9,0,42.8,0,490.4,2238.4,3019.6,85.4,2934.1,43.7,2890.5,570.1,801.1,4261.7,50.1%,49.9%,1116.6,1303.6,1224.4,28.7,9.9,39.7,119,8,27,33.4,24.8,339.1,41.5,93,138,57.5,70.9,124.7,7509.1,26,1298.9,79.2,294.6
08/2021,197,0,0,0,377.4,2297.8,2872.3,113.1,2759.2,9.6,2749.6,642.2,88.7,3480.4,0.0%,100.0%,,,,,,,,,,,,,,,,,,,4049.1,8.5,865.7,92.7,282.9
12/2008,304.8,0,30.6,0,515.4,1721.3,2572.2,84.4,2487.8,56.7,2431.1,568.4,1153,4152.5,52.0%,48.0%,1329.3,1142.2,913.5,34.1,10.1,30,144.4,13.2,22.9,49.3,34.7,339.1,107,118.3,148.4,73.2,83.8,165.1,7246,26.4,1255.2,89.7,311.2
02/2009,326.4,0,28.4,0,509.1,1892.9,2756.7,76.4,2680.3,40.4,2639.9,560.4,621.3,3821.6,46.4%,53.6%,1157.1,1347,1243.4,32.6,9.7,46.1,112,10.6,27,37.9,25.2,303.7,52.2,103.6,158.2,65.6,80.1,134.8,6531.6,20.9,1224.9,76.7,296.1
03/2009,338,0,15.2,0,711.7,1797.6,2862.6,71.2,2791.3,26.8,2764.6,595.6,636.9,3997,43.4%,56.6%,1149,1200,978.1,25.9,7.2,40.4,87.5,10.2,27,49.8,30.7,322.8,50.1,98,141.5,62.6,82.9,145.4,6366.7,17.4,1612.6,85.9,318.9
04/2009,364.6,0,0,0,716.4,1445.2,2526.2,57.4,2468.7,27.9,2440.8,625.9,549.2,3615.9,43.0%,57.0%,1291,1169.6,907.3,26.1,9.9,39.9,152.5,11.5,27,57.2,29.3,365.2,54.1,104.1,151.1,66.4,86.6,146.1,5762.5,13.1,1542.4,86.1,311.7
05/2009,547.1,0,0,0,839,1227,2613,61.2,2551.9,14.1,2537.7,652,506.8,3696.5,38.3%,61.7%,1187.3,1173.3,858.1,27.8,13.1,34.1,149.7,10.1,27,47.2,26,335.5,51.9,91.1,140.6,64,68.5,141.6,5428,6,1772.9,86.6,324.6
06/2009,395.8,0,0,0,966.7,714.9,2077.4,50.3,2027.1,10.7,2016.4,584.2,1247.2,3847.8,38.8%,61.2%,1220,1259.8,785.4,30.7,8.2,34.3,153.2,11.4,27,51.4,29.1,315.5,42.6,100,158.2,62.9,77.7,156.6,5407,4.6,2007.2,89.8,330.1
07/2009,262.4,58.3,90.9,0,1155.1,873.5,2440.2,91.2,2349,39.4,2309.6,594.3,1448.5,4352.4,0.0%,100.0%,1193.9,1096.2,734.1,28.9,8.7,29.3,133.9,11,25.8,46.8,24.5,294.9,88.5,97.5,154.5,59.2,79.4,148.6,6288.2,4.2,2708.8,100.8,359.5
08/2009,212.4,76.2,4.2,0,924.9,2228.6,3446.2,105.3,3340.9,22.3,3318.6,531.3,79.1,3929,0.0%,100.0%,1301.8,1139.8,851.9,33.4,7.9,27.7,135.4,12.4,25.8,44.4,26.6,419.8,40,104.8,165.4,60,81.9,157.6,4921.1,3.7,1943.2,93.7,292.8
09/2009,183.9,73.6,0,0,918.4,1996.9,3172.8,101.2,3071.6,19.4,3052.2,538.3,250.9,3841.4,0.0%,100.0%,1125,1283.3,818.4,41.5,6.9,32.6,142.3,6.5,19.9,36.5,20.2,351.9,76.9,73.2,169.9,30.1,64.6,100.4,5470.9,4.7,1931.2,85.8,313.8
10/2009,157.4,60.2,13.2,0,780.8,1428.9,2440.6,89.1,2351.5,23.2,2328.3,593.4,950.3,3872,0.0%,100.0%,1235.4,1389.9,915.1,40,9,36.6,139.4,11.5,25.3,46.5,26,331.3,40.2,111.1,167.6,65.6,82.1,152.4,5617.6,6.5,1725.9,87.2,327.7
11/2009,210.6,64.6,15.9,0,680.9,1686.4,2658.3,93.2,2565.1,45.8,2519.2,619,764.1,3902.3,0.0%,100.0%,1359.4,1306,853.1,33,7.4,40,161.9,13.9,26.7,46.5,27.5,377,75.1,111.8,167.8,63.2,93.6,154.5,6135.6,13.8,1555.9,78.6,312.1
12/2009,236.4,60.3,24,0,837.9,1505.9,2664.5,90.6,2573.9,57.3,2516.6,618.1,1054.5,4189.2,0.0%,100.0%,1239.9,1264,990.2,32.3,7.6,39.7,149,13.2,26.2,46.5,26.8,338,48.5,109.1,149.7,65.3,79.4,148.4,7694,26.2,1873.4,85.2,314.7
01/2010,367,22.9,17,0,694.7,1761.1,2862.8,86.3,2776.5,71.3,2705.2,711.4,981.1,4397.8,0.0%,100.0%,1113.9,1270.8,1101.7,28.7,14.5,38.1,94.7,10.3,25.3,40.5,21.5,353,44.1,87.9,141.3,54.6,73.2,129.3,8008.4,26.1,1547.4,71.8,275.5
02/2010,301.2,45,0,0,603.5,2078.5,3028.1,79.5,2948.7,56.9,2891.8,645,521.8,4058.6,0.0%,100.0%,1205.5,1194.6,952.1,27.1,13.7,35.3,140,12.2,26.8,31.9,26.6,365.7,47.6,103.4,144.2,57.9,77.9,135.9,7103.2,24.4,1319.7,72.5,293.4
03/2010,372.8,20.1,0,0,690,1804.2,2887.1,114.2,2772.9,64.4,2708.5,732.4,854.8,4295.7,0.0%,100.0%,1323,1241.7,1134.1,27.1,13.2,39.1,119.5,12.5,25.6,37.6,29,484.4,48.4,100.5,138.2,64.3,78.3,145.5,7318.4,7,1564.8,83.2,334.4
04/2010,399.1,51.8,0,0,555.6,2232,3238.5,119.2,3119.3,42.6,3076.7,637,13.2,3726.9,0.0%,100.0%,1360.4,1270.3,1015.2,27.2,9.2,37,142.2,13.9,28.6,51.7,28.1,414.9,52.9,124.4,152.4,66.2,90.2,157.7,5390.7,2.9,1231.4,81,312.1
05/2010,547.9,56.3,0,0,808.8,1711,3123.9,110.4,3013.5,30.5,2983,694.7,160.9,3838.7,0.0%,100.0%,1260.3,1226.4,923.3,29.2,12.4,33,126.4,11.8,26.5,51.2,24.8,405.4,45.2,98.7,145.4,59.7,81.6,150.5,5537.2,5.1,1747.2,82.1,319.4
06/2010,596.5,63.8,0,0,673.8,1591,2925.1,109.6,2815.5,21.7,2793.8,692.1,367.1,3852.9,0.0%,100.0%,1366.2,1300.7,798.3,34.3,11.7,37.3,150.7,12.5,28.7,50.5,27.4,424.6,49.7,116.2,160.4,66.1,84.5,157.4,5066.1,0.9,1512.5,84.7,329.5
07/2010,425,65.4,25.9,0,821.8,2287.3,3625.4,139.7,3485.7,15.4,3470.3,674.4,386.3,4530.9,0.0%,100.0%,1349.6,1377.4,957,38.1,11.5,35.6,170.3,12.7,27.6,52,26.8,409.8,37.3,112.5,159.4,69,78.2,158.3,5357.1,0.6,1858,96.6,349.9
08/2010,292.5,65.2,14,0,679.7,2275.6,3327,135.1,3191.9,26,3165.9,618.1,125.2,3909.2,0.0%,100.0%,1417.4,1504,922.4,47.5,10.9,37.5,120.1,13.5,27.6,49.8,29.3,434.2,84.7,123.6,180.8,66.5,81.9,167.9,4620,0.5,1573.1,87.4,291.6
09/2010,197.8,72.3,2.9,0,717.1,2206.5,3196.6,131.3,3065.3,30.6,3034.8,611.8,316.1,3962.7,0.0%,100.0%,1185.1,1473,904.9,48.7,8.4,34.5,109.8,7,22.5,51.6,20.6,418.2,41.2,77.6,177.3,37.3,73.2,114.5,5126.7,1.3,1621.9,82.8,306.9
10/2010,185.8,36.5,0,0,942,2301.5,3465.7,134.9,3330.9,36.7,3294.1,711,-86.6,3918.5,0.0%,100.0%,1339.8,1321,829.3,39.6,10.4,31.8,142.1,12.7,25.7,43.2,25.6,418.2,56,114,168.7,65.2,81.3,155.4,6063.2,1.8,2054.6,80.2,314.8
09/2021,179.7,0,0,0,580.7,2224.3,2984.6,112.1,2872.5,5.3,2867.2,585.6,76.5,3529.3,0.0%,100.0%,,,,,,,,,,,,,,,,,,,4761.4,7.7,1284.3,87,296.5
11/2010,205.3,0,0,0,863.4,2235.9,3304.6,127.1,3177.4,41.9,3135.5,780,212.3,4127.8,0.0%,100.0%,1318.7,1316.6,949.8,33.8,9.2,34.5,153.6,12.4,26.8,46.2,25.8,395.4,51.3,109.2,164.4,64.1,81.7,153.3,7121.3,5.1,1848.8,75.7,314.1
12/2010,264.5,8.6,0,0,671.3,2325.7,3270.2,123,3147.2,58.2,3089,751.5,483.7,4324.1,0.0%,100.0%,1307.1,1224.6,1024.5,29.5,10,35.5,153.8,13.3,26.6,40.1,26.7,395.4,50.5,110.8,151.4,64.8,80.8,157.5,7754.9,8.2,1496.6,80.3,308.2
01/2011,268.9,0,0,0,682.1,2243.1,3194,117.8,3076.2,53.2,3023,699.7,666.3,4389.1,0.0%,100.0%,1162.4,1352.8,1184.6,31.3,8.1,36.2,102.3,10.8,26.2,32.4,23.1,395.1,32.7,94.6,146.2,56.7,73.7,132.4,7838.1,7.4,1523.2,69.5,286.7
02/2011,192,0,0,0,972.5,1366.5,2531.1,93.9,2437.1,24.5,2412.6,714.5,818.8,3945.9,0.0%,100.0%,1252.2,1250.8,1050.5,26.2,9.9,34.9,136,12.3,24.8,31.1,25.5,395.1,54.1,107.3,145,62.4,76.9,146.8,7203,5.7,2029.8,69.2,296.5
03/2011,297.5,0,0,0,1025.6,1121,2444.1,91.6,2352.4,26.8,2325.6,824.8,1098.4,4248.8,0.0%,100.0%,1270,1202.7,1051.4,27.8,9.3,36.3,144.6,13.1,29.1,44.9,26.2,395.1,37.3,110.7,143.6,60.6,75.3,153.3,7357.2,5.8,2151.5,75.4,325.3
04/2011,395.4,0,0,0,765.4,1307.2,2468,87.8,2380.2,23.1,2357.1,721.8,510.8,3589.7,0.0%,100.0%,1436.5,1259.3,921.5,27.8,8.1,33.6,155.9,13.8,29.7,44.9,26.4,458.4,77.8,119.3,157.4,70.7,83,165.6,5476.3,1.7,1631.1,76.7,304.8
05/2011,376,0,0,0,841.2,1381.7,2598.9,100.6,2498.3,13.7,2484.6,761.5,645.1,3891.1,0.0%,100.0%,1241.3,1115.5,772.8,28.7,8.7,26.5,123,11.8,28.3,43.7,23.5,418.9,53,97.3,139.2,55.7,79,141.3,5676.6,1.3,1762.2,76.1,317.6
06/2011,368.3,0,0,0,853.7,2129.2,3351.2,119.2,3232,13.4,3218.6,728.7,-82.2,3865.1,0.0%,100.0%,1412.2,1308.1,847.2,35.2,8.1,31.7,154.4,10.3,29.7,43.3,28.2,446,66.6,113.7,167.8,65.9,88,166.7,5422.3,0.9,1806.1,79.5,314.4
07/2011,218.8,0,0,0,808.1,2284.1,3311,122.2,3188.8,8.8,3179.9,725.6,222.3,4127.9,0.0%,100.0%,1343.8,1323.6,803.9,38.4,8.6,31,150.8,15.9,30.3,36.5,26.7,418.5,64.9,108.4,163,62.6,82.4,152.9,5282.9,0.8,1750.4,86.6,324.1
08/2011,226.7,0,0,0,860.8,2222.4,3309.9,126.7,3183.2,16,3167.2,673.5,80.4,3921.2,0.0%,100.0%,1334.6,1415.5,821.5,44.5,13,32.6,102.2,13.2,26.2,38.1,27.4,427.6,73.9,113.2,174.1,55.8,83.7,166.6,4964.1,0.9,1858.2,86.2,303.8
09/2011,175.6,0,0,0,872.8,2134.7,3183.1,128.9,3054.2,14.6,3039.6,646.9,409.3,4095.7,0.0%,100.0%,1137.1,1424.8,858.8,47.8,13,28.3,111,6.6,24,35.6,20.7,380.9,52.2,75.7,172.5,36.5,78.9,114.2,5388.8,1.1,1898.7,78.5,308.1
10/2011,136.6,0,0,0,721.1,2234.4,3092,121.6,2970.4,18.1,2952.3,651.1,217.2,3820.6,0.0%,100.0%,1410.7,1392.7,830,40.9,12.4,28.3,161,13,28.2,31.3,27.5,445.9,76.5,113.5,178.5,68.1,79.5,159.4,5241.1,0.8,1634.6,76.4,294.7
11/2011,205.5,0,0,0,674.8,1777.2,2657.5,98.1,2559.4,26.9,2532.5,677.2,576.4,3786,0.0%,100.0%,1303.4,1251.4,845.9,32.1,12.6,27.7,147.3,12.6,27.6,33.4,25.4,402.8,64,102.4,163.2,64.5,86.1,146.5,5829.4,3.9,1467.9,69.6,287
12/2011,190.9,13.6,0,0,633.7,1580.6,2418.8,88.5,2330.3,38.2,2292.2,901.2,743,3936.4,0.0%,100.0%,1272.6,1198.6,933.3,26.5,12.3,26.6,152.9,12.2,26.4,20.1,24.7,402.8,61.1,107.4,156.5,61.4,78.3,142.3,7006,6.7,1477.5,75.1,293.3
01/2012,189.8,0,0,0,897,1917.2,3003.9,107.1,2896.8,37.4,2859.4,827.2,573.4,4260,0.0%,100.0%,1064.9,1226.7,1006.2,26.5,8.2,26.9,90.4,9.3,23.2,21.3,20.8,348.8,50.5,86.1,144.7,52,72,118.8,8156.1,7.2,1927.3,65.2,271
02/2012,146,0,0,0,741.2,2132.9,3020.1,117.9,2902.2,36.8,2865.4,861,555.8,4282.2,0.0%,100.0%,1237.1,1255.6,1090.2,24.3,9,28.9,145.9,12,27.2,33.2,24.1,378.4,60.5,103.8,145.5,62,74.8,140.8,8166.6,7.1,1622.6,63.8,279.4
03/2012,195.5,0,0,0,596.6,2295,3087,121.2,2965.8,38.6,2927.2,802.4,294,4023.6,0.0%,100.0%,1215.1,1238,981.4,29.1,9.2,27.5,136.5,12.1,26.9,41.7,23.9,348.3,62.1,106.8,141.4,60,80.5,147.4,6276,4.8,1363.8,74,299.8
04/2012,263.4,0,0,0,468.6,2197.7,2929.6,114.1,2815.6,51,2764.5,891,-67.5,3588.1,0.0%,100.0%,1379.3,1196.1,882.2,28.9,44.2,24.5,150.7,12.2,28.9,39.6,24.1,461.9,62.4,109.1,162.7,62.7,86.8,153.9,5196.4,3.2,1105.9,67.2,269.9
05/2012,482.4,0,0,0,455.4,2153.3,3091,113.5,2977.5,39.5,2938,870.9,-25,3783.9,0.0%,100.0%,1165.6,1120.7,840.2,28.9,46.9,23.4,115.8,10.3,25.7,35.8,21.7,389.6,54.8,90.7,138.2,53.6,76.4,129.6,4864.2,1.2,1039.4,71.4,292.4
06/2012,413.9,0,0,0,736.2,1428.7,2578.8,95.8,2483.1,26.3,2456.7,820.6,659.1,3936.5,0.0%,100.0%,1332.3,1216.8,780.7,33.9,48.6,23.3,130.4,12,26.5,40.9,24.7,440.4,65.7,105.3,165.3,61,84.4,152.3,4916.8,0.6,1569.9,78.4,300.5
07/2012,246.9,0,0,0,871.4,1891.2,3009.5,122.8,2886.7,20,2866.7,805,512.3,4184.1,0.0%,100.0%,1297.1,1322.1,786.1,39.5,42,24.6,127.1,11.4,23.6,42.6,25,403.7,72.3,106.8,168.9,59,81,151.2,5489.1,0.6,1839.9,81,305.7
08/2012,191.7,0,0,0,838.8,2252.3,3282.8,134,3148.8,26,3122.8,741.6,168,4032.4,0.0%,100.0%,1300.4,1337,802.3,45.1,50.8,23.5,130.5,11.8,18.7,38.5,23.3,407.1,68,111.7,171.8,58.5,81.5,155.4,4960.1,0.6,1774.4,81.9,283.5
09/2012,177.9,0,0,0,761.8,2199.1,3138.8,129.7,3009.1,27.5,2981.6,778.4,5.2,3765.2,0.0%,100.0%,1158.6,1454,925.5,50.8,51.1,25.8,84.3,6.8,23.3,34.9,21,429,50.9,74.4,177.4,39,81.7,110.1,5316.5,0.8,1666.2,67.1,254.6
10/2012,142.2,0,0,0,673,2154.1,2969.3,112.6,2856.7,19.2,2837.4,819.3,176.8,3833.5,0.0%,100.0%,1262,1265.2,818.6,39.2,48.7,22.4,140.2,10.6,21.6,22.1,22.6,417.8,62.7,97.2,175.1,55.9,77.9,135.9,5641.6,2.2,1549.6,70.4,282.9
11/2012,186,0,0,0,704.3,1376,2266.3,86.7,2179.6,28.6,2150.9,796.3,868.5,3815.7,0.0%,100.0%,1324.9,1230.4,860.6,30.7,49.2,24.9,141.6,12.2,25.8,29.4,23.2,421.8,65.8,107,175.3,63,84,150.9,6387.9,4.3,1563.7,65.3,270
12/2012,232.5,0,0,0,598.9,1994.3,2825.7,108.5,2717.2,31.4,2685.8,962.9,275,3923.6,0.0%,100.0%,1173.7,1159.2,935.7,26.8,46.9,23.1,131.9,11.1,27,23.2,22.4,367.1,59.3,96.8,150.6,55.7,72.9,132.5,7127.1,8.1,1348.3,69.4,266.9
01/2013,278.4,0,0,0,672,2341.1,3291.4,119.7,3171.8,27.2,3144.6,1084,20.8,4249.3,0.0%,100.0%,1021.6,1160,1016.5,27.1,48.6,22.9,96.3,8.7,25.4,21.1,17.5,339.4,47.1,77.5,140.6,49.7,70.2,105.1,7878,6.9,1498.5,58.8,246
02/2013,313.8,0,0,0,571.9,2117.4,3003.1,104.3,2898.9,28.3,2870.6,943.6,56.7,3870.8,0.0%,100.0%,1244.6,1234.5,1036.7,28.1,50.1,24.6,126,11.8,27.2,24.4,21.5,416.2,62.3,103.6,157.8,59.6,71.6,138.1,7087.9,7.5,1244.9,57.4,250
03/2013,376.4,0,0,0,442.3,2328.3,3147,112.6,3034.4,43.4,2991,939.3,-46.6,3883.7,0.0%,100.0%,1147.3,1082.9,903.9,22.6,44.3,21.3,130.6,11,25.2,26.3,21,346.7,60.4,97,136.2,56.4,84.8,130.5,6303.3,6.4,1048.7,67.3,276.8
04/2013,469.5,0,0,0,302,1638.5,2410,88.5,2321.4,43.1,2278.3,892.6,472.4,3643.3,0.0%,100.0%,1181.5,1105.2,894.4,20.2,47,20.6,127.6,10.9,29.1,30,22.8,365.7,57.6,94.6,150.3,59.2,79.8,133.3,5216.5,2.7,758.3,66.8,283.5
05/2013,647.6,0,0,0,382.6,1630.5,2660.8,94.2,2566.6,27.8,2538.8,1056.5,60.6,3655.9,0.0%,100.0%,1232.1,1109.1,764.4,28.5,46.8,19.3,149.3,10.5,24,30.4,21.7,389.3,61.5,99.3,150,59.4,76.4,141,5107.9,2.4,867.4,68.5,262.6
06/2013,646.7,0,0,0,309,2221.7,3177.4,109.1,3068.3,20,3048.3,906.9,-379,3576.2,0.0%,100.0%,1246.4,1117,776.8,26.8,46.8,19.8,138,13.1,25.7,28.5,22.7,402.1,61.8,95.9,155.9,60.7,81.7,140.6,4448.9,0.9,736.9,69,256.8
07/2013,535.2,0,0,0,565.2,2315.5,3415.8,119.8,3296,19.3,3276.7,880.5,44.5,4201.7,0.0%,100.0%,1218.5,1180.3,747.2,31.5,46.4,19.7,134.2,10.7,29.7,31.8,22.8,369,64,101.5,160.1,58.9,81.5,134.5,4960.6,0.6,1240.3,81.7,306.9
08/2013,350.3,0,0,0,503.9,2291.2,3145.3,123.9,3021.5,19.8,3001.7,785.7,-18.9,3768.4,0.0%,100.0%,1262,1381.7,843.9,43.4,43.2,23.4,135.9,12.2,26.7,26.6,25.3,361.6,68.1,111,180.3,61.1,81.8,148.2,4259.7,0.6,1107.4,77.7,275.2
09/2013,276.5,0,0,0,477.2,2237.2,2990.9,117.7,2873.2,17.2,2856,815.4,40.3,3711.7,0.0%,100.0%,1097.4,1324.5,844.2,47.4,41.3,22,83.9,5.8,23.3,32.7,18.6,394.6,50,69,179,36.9,80,101.4,4734.7,1.1,1148,66.5,259.5
10/2013,197,0,0,0,554.7,2234.4,2986.1,123.2,2862.9,13.3,2849.7,744.8,186.6,3781.1,0.0%,100.0%,1263.5,1243.9,830.5,39.5,40.1,21.2,143,11.2,26.8,26.9,21.9,396.7,63.6,102.1,168.7,59.4,81.4,140.5,4843.6,1.5,1255.9,72.2,290.9
11/2013,248.2,0,0,0,476.1,1496.4,2220.8,92,2128.8,31.9,2096.9,955.1,736.7,3788.7,0.0%,100.0%,1271.6,1192.9,787.6,34.9,66,21,140.5,11.9,27.2,26.9,23.3,385.2,68.4,101.3,173.1,62.2,82.5,148.3,5776.7,4.7,1086.5,64.2,267.1
12/2013,265.4,0,0,0,634.8,1877.9,2778.2,116.8,2661.4,44.3,2617.1,810.5,564,3991.6,0.0%,100.0%,1152.7,1128,917.5,29.7,38.2,20.1,140.4,11.4,26.7,27.3,20.4,330,59.3,98.4,154,57.5,71.6,135.6,7383.1,9.9,1421.1,67.1,266.8
01/2014,318.6,0,0,0,403.4,2321.1,3043,112.7,2930.3,47.4,2882.9,948.7,294.9,4126.5,0.0%,100.0%,1032.2,1164,1030.4,29.9,42.8,21.2,89.1,8.4,25.9,27.7,18,343,48.2,78.8,143.3,50.5,66.6,111.4,6905.9,7.6,945,60.6,261
02/2014,317.8,0,0,0,321.3,2125.5,2764.6,101.7,2662.9,46.1,2616.8,807.9,350,3774.8,0.0%,100.0%,1197.3,1174,1037.5,27.2,46.3,21.1,127.8,11.4,27.9,27.1,20.7,393.9,61.5,99.1,145,58.2,70.1,133.6,5956.3,7.2,786.2,59,255.9
03/2014,368.7,0,0,0,307.6,2347.6,3023.9,109.6,2914.2,32.3,2881.9,813.4,230.8,3926.1,0.0%,100.0%,1169.3,1076.8,901.7,23.9,43.3,19.9,136.3,11.5,25.6,29.3,19.5,358.4,55.7,98.2,146.2,59.9,70.7,138,5369.7,6.4,750.5,66.5,282.1
04/2014,524.4,0,0,0,340.6,2243.6,3108.5,109.4,2999.1,36,2963.1,758.3,-227.6,3493.7,0.0%,100.0%,1229.9,1092.4,841.2,27.8,40.3,19,144.4,12.1,25.9,33.3,22.4,388.8,58.2,100.6,147.9,60.6,73.1,143.7,4282,2.6,797.2,67,276.7
05/2014,529.5,0,0,0,361.8,1606.4,2497.6,89.6,2408,35,2373,809.9,470.7,3653.6,0.0%,100.0%,1237.9,1055.8,785.2,28,39.1,18,126.9,11,25.5,30.7,20.9,435.4,60.4,93.5,153.4,57.3,75.3,129.5,4478.7,2.2,810.9,69,287.2
06/2014,497.9,0,0,0,472.8,1509,2479.6,95.2,2384.5,23.2,2361.3,779.8,541.6,3682.8,0.0%,100.0%,1284,1082.1,767.1,32.4,49.1,16.9,133.7,11.9,27.4,25.2,22.2,433.3,69.1,98.8,162.1,60.8,79.4,143.3,4540.4,0.9,1029.5,69.6,279.4
07/2014,443.9,0,0,0,464.1,2090.9,2999,117.3,2881.7,9,2872.8,819.8,394.3,4086.9,0.0%,100.0%,1246.4,1191.3,784.7,38.1,47,19.2,128.1,11.2,26.5,29.6,21.5,411.8,65.3,99.5,165.4,57,73.3,137.9,4520.8,1.4,1026,79.5,315.2
08/2014,316.6,0,0,0,503.7,1851.4,2671.7,109,2562.7,12,2550.7,702.3,423.6,3676.7,0.0%,100.0%,1294.5,1296.9,790.3,46.4,48.3,20.7,116.3,12.9,32,29.3,23,421.1,58.1,107.3,182.1,61.3,77.1,153.3,4031,0.6,1108.3,74,266
09/2014,256.9,0,0,0,541.2,2046.8,2845,113.4,2731.6,4,2727.6,637.9,481,3846.5,0.0%,100.0%,1125.1,1306.3,825.3,43.9,49,18.9,102,6.9,25.4,28.8,18.3,411.8,60.8,64.8,175.8,34.5,75.3,101.9,4510.2,0.8,1194.6,69.1,275.6
10/2014,175.1,0,0,0,505.2,2249.4,2929.7,116.6,2813.1,22.8,2790.3,675.6,325.4,3791.3,0.0%,100.0%,1305,1243.8,810,36,46.4,19.8,137.4,11.4,27.5,27.5,21.7,432.9,68,107.9,177.9,58.8,74.5,139.6,4639.4,2.3,1125.3,71.5,294.8
11/2014,198.6,0,0,0,502.2,1515.2,2216,86.9,2129.1,41.6,2087.5,728.7,852,3668.2,0.0%,100.0%,1312.9,1170.5,762.3,29.2,44.5,19.3,131,12.8,27.9,32.4,23.1,429.1,63.8,104.8,179.1,62.7,76.1,150.8,5328.9,7.3,1128.5,61.8,267
12/2014,439.7,0,0,0,499.8,1830.1,2769.6,111.1,2658.5,52.2,2606.3,925.3,438.9,3970.6,0.0%,100.0%,1177.4,1065.5,878.9,26.8,42.2,18.5,137.1,11.6,25.1,23.8,23.8,365.4,61.1,92.5,154.4,56.7,70.5,136.8,6665,10.6,1154.9,70.3,287.1
01/2015,332.8,0,0,0,588.9,2299.3,3221.1,111.6,3109.4,51.2,3058.2,920.3,248,4226.5,0.0%,100.0%,1095.3,1174.3,1029.9,25.9,45.1,19.9,105.4,9.7,24.4,24.4,18.2,377.4,53.4,83,153.6,49.2,63.8,112.7,7366.7,11,1324.3,62.7,271.9
02/2015,301.2,0,0,0,466.4,2076.8,2844.4,99.5,2744.9,49.2,2695.7,812.6,428.5,3936.9,0.0%,100.0%,1199.5,1142.3,1024.9,26.3,48.1,20.6,125.3,11.5,25.8,29,20.7,402.2,63.3,94.1,146.3,56.6,71.2,132.9,6601.3,11.7,1045.9,58.3,269.7
03/2015,414.4,0,0,0,496.9,2352.1,3263.4,108.6,3154.8,47.5,3107.4,878,24.8,4010.1,0.0%,100.0%,1163.5,1085.3,959.4,26.1,43.2,19.3,134.1,11.9,24,24.1,20.6,367.5,62,100.4,139.7,58.3,63.5,138,6021,9.9,1178.7,67,301.7
04/2015,463.9,0,0,0,499.5,2029.4,2992.8,105.3,2887.6,47.6,2839.9,749.3,-8.2,3581.1,0.0%,100.0%,1309.7,1115.6,890.6,28.7,49.2,19.6,141.4,13.4,27.1,32.6,22.3,439,63.6,105,155.8,60.8,77.9,151.1,4839.3,4.3,1154.2,68.3,292.4
05/2015,453,0,0,0,557.6,1537.3,2547.9,89.2,2458.6,49.5,2409.1,803,494.2,3706.4,0.0%,100.0%,1194.4,1054.8,803.1,30.6,47.5,17.5,132.3,11.8,25,30.2,20.6,390.6,58.1,92.7,149.9,58.2,74.6,133,4663.1,2.4,1234.5,68.8,291.6
06/2015,459.5,0,0,0,633.4,1676.4,2769.3,97.6,2671.6,31.7,2639.9,708.3,542.6,3890.7,0.0%,100.0%,1327.2,1128.2,743.7,37.2,43.3,17.8,144.6,12.7,26.3,32.9,22.9,463.1,65,101,162.3,59.5,71.4,147.6,4649.4,2.3,1345.4,72.4,305.6
07/2015,278.9,0,0,0,815.6,2231.7,3326.2,126.5,3199.6,24.1,3175.5,762.2,624.4,4562.2,0.0%,100.0%,1317.3,1265.4,860.8,40.1,50.8,20.7,137.2,12.4,26,31.1,22.2,448.9,67.2,103.6,169.7,59.2,70.8,148.1,5043.5,1.1,1736.1,82.7,336.6
08/2015,279.9,0,0,0,729.6,2128.5,3138.1,122.8,3015.3,41.2,2974.1,744.6,101.9,3820.6,0.0%,100.0%,1348.7,1425.6,897.9,48.3,46.9,22.6,129.1,13.6,26.6,26.6,24.5,433.6,70.2,116.2,194.2,61.3,73.6,156.7,4297.1,2.6,1410,73.2,280
09/2015,213.8,0,0,0,505,2236.8,2955.7,114.5,2841.2,3,2838.2,706,184.8,3729,0.0%,100.0%,1159.2,1281.3,842.4,45.2,52.2,19.1,111.1,6.6,25.1,26.5,19.2,419.7,59.6,67.4,183.4,34.4,80.5,106.7,4487.7,2.4,1141.7,67.9,280.2
10/2015,198.3,0,0,0,501.2,2256.7,2956.3,120.2,2836.1,19,2817.1,722,241,3780,0.0%,100.0%,1272.3,1196.8,826.1,35.4,50.7,18.7,124,12.4,26,21,22,430.9,64.8,100.4,173.7,59.3,74.6,144.3,4937.2,5.5,1165.6,69.3,295.7
11/2015,188.6,0,0,0,631.6,1522.2,2342.4,87,2255.4,28.9,2226.5,760.4,822.7,3809.6,0.0%,100.0%,1311.7,1120.3,809.3,32.1,47.7,18.4,150.2,12.7,27.3,26.6,22,429.3,61.9,104.3,168,61.2,82.3,147.5,5758.9,7.7,1412.9,63.2,284.6
12/2015,198.2,0,0,0,722.5,1940.6,2861.3,113.9,2747.3,32.6,2714.7,598.6,644.8,3958.1,0.0%,100.0%,1240.5,1088.8,892.1,28,48,18.8,142.8,12.8,24.1,27,21,408.6,60.1,100.5,155.4,59.3,69,141.2,6636.2,12.6,1574.7,70.1,296.4
01/2016,220.5,0,0,0,565,2351.7,3137.2,118.2,3019.1,47.6,2971.4,807.8,266.6,4045.8,0.0%,100.0%,1120.6,1122,998.1,29,49.6,19.2,120,11,22.5,24.6,18,379,50.3,84.2,154.7,50.6,69.4,116.9,6504.6,14.8,1242.8,60.4,285.7
02/2016,262.5,0,0,0,499.9,1875.8,2638.3,100.1,2538.1,52.2,2486,813.3,587.4,3886.7,0.0%,100.0%,1200.4,1083,941.7,27.1,49.6,19.1,136.8,11.7,24.5,27.4,19.3,418.2,53.7,92.4,144.6,54.6,67.7,130.4,6059,13.4,1156,64,304
03/2016,351.2,0,0,0,437,2306.2,3094.3,105.7,2988.6,41.3,2947.3,871.8,221.5,4040.6,0.0%,100.0%,1229.4,1074.2,943.8,27.3,46.2,18.9,132.7,13.1,29.9,27.6,20.2,405.9,59.8,101.9,149.1,57.8,72.6,139.9,5882.8,14.4,1007.5,69.1,324.4
04/2016,412.1,0,0,0,432.6,2243.6,3088.4,107,2981.4,41.4,2940,765.7,7.6,3713.3,0.0%,100.0%,1277.7,1107.6,926.6,29.2,49,19.1,145.1,12.5,25.6,28.3,23.6,433.2,59.9,98.7,153.4,59,74,145.3,4926.1,5.6,998.8,67.2,318.1
05/2016,551.1,0,0,0,505.1,1579.5,2635.8,91.6,2544.2,35.4,2508.8,839.9,381.9,3730.7,0.0%,100.0%,1260,1061.6,818.6,32.1,47,17.6,140.4,13.1,26.1,33.2,21.9,402.5,60.4,102.9,160.3,59,79.3,143.2,4501.1,4.7,1145,70.7,309.1
06/2016,395.9,0,0,0,551.6,2024,2971.5,110.6,2860.9,8.6,2852.3,755.7,197.1,3805.1,0.0%,100.0%,1298.1,1087.4,791.1,33.1,46.4,17.4,142.5,13,26.5,32.1,22.2,442.6,61.8,99.9,161.1,56.6,79.6,142.8,4250.4,2.7,1210.8,75,316.6
07/2016,256.4,0,0,0,578.3,2295,3129.7,119.8,3009.9,7,3002.9,798.9,492.7,4294.5,0.0%,100.0%,1300.5,1228.1,835.2,41.3,40.3,19.5,143.2,12.7,23.3,29.5,23.5,420.2,68.2,105.7,172.4,60.8,71.7,149.9,4566.4,1.4,1237.9,82.5,330.9
08/2016,213.6,0,0,0,530.2,2294.6,3038.4,121.4,2916.9,8.2,2908.7,697.4,321.5,3927.6,0.0%,100.0%,1314.2,1364.5,879.2,47.4,41.5,21.7,119.7,13.5,25.3,30.4,23.4,427.7,66,107.9,186.9,57.2,74.8,159.6,4116.5,2.9,1159.9,79.6,308.1
09/2016,164.3,0,0,0,560.5,2230,2954.9,117.1,2837.8,5.2,2832.6,677.3,495.7,4005.6,0.0%,100.0%,1203.6,1350.1,891.8,52.5,50.2,20,93.8,7.8,25.2,30.4,21,458.9,53.9,70.8,187.8,36.6,81.1,116.2,4543.5,2.2,1238.4,71.9,304
10/2016,122.2,0,0,0,890.6,2208.4,3221.1,126.9,3094.2,12.2,3082,651.5,62.3,3795.8,0.0%,100.0%,1332.6,1271.2,844.9,42.1,51.1,22.2,139.9,13.5,26.4,30,21.5,432.7,70.4,106.5,184.6,59.3,74.2,151.2,5502.5,4.3,1876.2,69.8,299.9
11/2016,178.2,0,0,0,841.8,1492.7,2512.8,98.4,2414.4,24.6,2389.8,762.9,739.9,3892.6,0.0%,100.0%,1330,1148.6,844.5,34.2,49.3,19.7,140.4,13.1,27.1,31.6,23,460.1,61,97.6,170.7,64.6,75.5,145.5,6396.9,10.2,1776.4,66.3,302.3
12/2016,209.8,0,0,0,858.6,1835.7,2904.1,116.9,2787.2,13.6,2773.6,644.1,624.7,4042.3,0.0%,100.0%,1261.1,1104.8,902.8,28.6,49.6,19.9,132,13.5,25.6,29,20.2,417.9,61.2,98.8,163.3,58.4,74.7,146.5,7208.3,17.2,1801.8,70.2,301.4
01/2017,220.8,0,0,0,686,2345.7,3252.5,119.5,3133,21.2,3111.9,846.4,469.6,4427.8,0.0%,100.0%,1144.7,1143,1127.7,29.2,52.9,21,114.2,10.9,26,23,19.8,392.5,50.3,83,151.6,58.8,72.2,121.4,7953.3,20.8,1472.2,60.8,285.1
02/2017,246,0,0,0,436.1,2125.8,2807.8,98.4,2709.5,24.6,2684.9,744.4,336.9,3766.2,0.0%,100.0%,1173.7,1135.8,990.9,26.8,50.7,21.8,133,13.2,27.1,34.4,20.7,351.2,56,98,155,48.3,73.6,141.4,5854.6,13.9,983.6,60.9,285.8
03/2017,350.4,0,0,0,487.5,2354,3191.9,110.3,3081.6,19.6,3061.9,805.3,118,3985.3,0.0%,100.0%,1213.9,1070.5,905.3,25.9,46.6,19.7,126.8,13.1,25.1,22.6,18.2,407.4,57.8,98.8,148.4,57.7,72.3,145.9,5805.7,10.4,1083,72.1,331.5
04/2017,341.3,0,0,0,424,2225.6,2990.9,113.6,2877.3,16.5,2860.8,791.4,-71.2,3581,0.0%,100.0%,1379.7,1116.1,842.7,27.2,50.7,19.8,154.8,14.5,27.7,32.5,22.3,473.2,63,106.2,164.8,62.3,80.9,157.8,4843.3,6.2,938.9,70.1,296.3
05/2017,428.9,0,0,0,487.1,1846.1,2762.1,95.6,2666.5,8.1,2658.4,845.7,370.7,3874.8,0.0%,100.0%,1263.8,1061.4,813.6,29.4,52.3,18.4,131.2,12,25.8,35.1,27,464.4,52.1,89.2,147.9,54,75.1,131.7,4768.6,6.5,1079.5,71.8,327.3
06/2017,341.4,0,0,0,822,1582.5,2746,97.3,2648.6,6.1,2642.5,801,705.2,4148.6,0.0%,100.0%,1397.5,1172.3,820.4,36.5,53.6,20.2,141.2,14.4,27.7,31.8,24.7,477.7,65.2,107.8,178.8,61.6,87,159.4,5084.3,3.5,1715.6,77.6,332.8
07/2017,233.9,0,0,0,816.1,2293.1,3343.1,124.8,3218.4,0.6,3217.7,830.1,318,4365.8,0.0%,100.0%,1360.9,1299.3,829.1,40.7,55.1,22,139.5,13.7,26.1,33.4,25.5,453.4,67.2,108,175.8,61.2,78.6,156.5,5078.8,2.6,1732.9,81.1,335.5
08/2017,210.1,0,0,0,780.4,2287.3,3277.8,124.7,3153.1,5.3,3147.8,760.8,153.6,4062.2,0.0%,100.0%,1383.6,1416.7,982.3,51.5,56.5,24.1,118.4,14.4,27.3,34.3,26.5,458.9,68.2,111.4,200.2,59.2,79.4,161.4,4662.7,2.7,1675.6,80.4,311.2
09/2017,186.4,0,0,0,647.2,2224.1,3057.8,116.8,2941,6.8,2934.2,721.9,164,3820.1,0.0%,100.0%,1199,1362.8,883.9,48.8,55.8,21.1,93.8,8.7,25.8,34.2,21,433.6,57.9,73.6,191.1,36.8,79.7,121.9,4709.8,0.2,1379.3,72.1,298.8
10/2017,140.2,0,0,0,858.7,2165.6,3164.5,123.1,3041.4,7,3034.4,725.2,83.3,3842.9,0.0%,100.0%,1329.6,1176,793.6,40.1,52.3,20.5,131.3,13.8,25.8,31.1,24.2,453.9,66.9,101.8,174.5,57.8,79.1,148.8,5391.3,3.8,1801.9,71.7,308.9
11/2017,113.6,0,0,0,1041.4,1521,2676,97.2,2578.8,11.1,2567.7,841.3,631.9,4040.9,0.0%,100.0%,1329.4,1183.3,888.7,35.3,52.8,21.3,143.2,13.7,26.3,34.3,24.3,432.5,66.1,102.2,174.1,58.6,80.7,151.9,7256.7,0.9,2139.6,66.4,309.9
12/2017,149.1,0,0,0,709.1,2284.4,3142.6,122.1,3020.5,33,2987.5,925.7,240,4153.2,0.0%,100.0%,1336.2,1103,1016.8,29.2,49.6,21.4,152.1,15.1,26.4,33.3,24.3,434.7,61.5,108.7,173.4,59.6,72.2,153.6,7698.7,1.6,1509.1,71.7,305.6
01/2018,213.5,0,0,0,623.8,2360.4,3197.8,116.2,3081.5,22.3,3059.3,975,-38.1,3996.2,0.0%,100.0%,1132.8,1191,1104.3,26.8,51.1,22,114.2,10.8,26.5,30.7,19.7,360.9,50.2,85.5,153.5,47.4,86.3,124.9,7136.1,23,1301.3,65.8,297.6
02/2018,198,0,0,0,586.9,2129.7,2914.6,98.2,2816.4,4.9,2811.4,786.8,293.2,3891.4,0.0%,100.0%,1225.3,1156.3,1029.8,27.3,50.3,20.8,137.2,13.9,23.7,30.5,23.1,342.9,59.3,108,166.5,60.3,86.3,152.6,7110.3,25.1,1233.5,62.8,291.3
03/2018,342.3,0,0,0,498.2,1556.4,2397,94.2,2302.7,19.7,2283,963.9,686.1,3933,0.0%,100.0%,1132.4,1090.5,1025,28.9,50.3,26.7,133.7,13.7,24.7,30.9,22.4,278.1,59.2,105,149.1,57.7,80.6,150.7,6269.8,21.4,1136.1,75.9,340.6
04/2018,513.9,0,0,0,440.3,1500.5,2454.7,89.9,2364.8,7.9,2356.9,831,350,3538,0.0%,100.0%,1232.2,1172.1,963.1,29,50.3,24.2,150.2,14.2,26.6,35.6,23.6,330.2,61.1,105.4,163.7,58.4,81.7,157.4,5075.1,8.4,988.8,71.2,308.9
05/2018,634.5,0,0,0,589.2,1442.6,2666.3,125.1,2541.2,5.6,2535.6,869.6,233.7,3638.9,0.0%,100.0%,1197.2,1102,824.8,29.7,53.8,21.4,144.8,13.4,25.6,34,23.9,327.3,58.4,98.4,165.2,53.6,79.8,151.6,5043,5.7,1289,77.9,334.1
06/2018,654.9,0,0,0,601.5,1373.3,2629.6,81.3,2548.3,2.5,2545.8,809.4,368.1,3723.3,0.0%,100.0%,1194.5,1127,779.1,31,50.3,21.6,146.5,14.7,27.2,33.6,25.2,323.5,67.9,101.3,151.4,58,76.8,146.9,4346.4,3.3,1269.6,81,332.1
07/2018,434.2,0,0,0,675.6,1602,2711.8,111,2600.8,1.3,2599.4,805.2,815.5,4220.1,0.0%,100.0%,1254.5,1221.4,879.2,38.8,50.2,21.7,143.8,14.6,25.2,27.3,24.5,326.1,72.1,113.4,176.2,56.1,83.2,170.1,4821.1,3.2,1466.6,89.7,351.1
08/2018,271.2,0,0,0,649.6,2305,3225.8,119.9,3105.8,1.2,3104.6,754.6,23.6,3882.9,0.0%,100.0%,1268.9,1432.1,1043.1,49.7,50.8,29.7,115.8,13.5,27.5,30.6,26.5,331.3,78.6,115.1,198.1,54.7,80.6,166.8,4495.4,4.1,1411.3,87.7,319.7
09/2018,217,0,0,0,588,2230.8,3035.8,112.3,2923.5,1.4,2922.1,680.6,98.3,3701,0.0%,100.0%,1095.3,1349,863.9,48.6,55.3,24.4,95.1,8.2,24.9,31.9,21.1,331.3,51.5,81.3,194.7,36.3,75.4,119.1,4638.5,3.7,1276,76.4,296.7
10/2018,210.7,0,0,0,588.4,2325.1,3124.2,115.2,3009,5.6,3003.4,838.8,-170.6,3671.6,0.0%,100.0%,1271.3,1339.4,863.9,42.8,55.1,19.4,139.4,12.5,25.9,31.9,25.2,345.9,64.5,110.8,206.2,54.8,82.1,152.7,5249.5,6.8,1269.6,79.4,329.1
11/2018,336,0,0,0,832.5,1714.1,2882.6,106.3,2776.3,4.1,2772.2,810.9,138.4,3721.5,0.0%,100.0%,1244,1147.3,802.8,29.9,52.8,27.1,150.9,13.3,25.4,33.2,25.6,310.1,63.7,108.1,190.5,57.4,83.5,155.3,6728.1,19.8,1752.6,73.6,318.8
12/2018,264.7,0,0,0,733.3,1411.9,2409.8,94.7,2315.1,4.7,2310.5,894.3,547.2,3752,0.0%,100.0%,1120.7,1143.9,1056,26.5,50.4,24.6,134.8,12,24.4,27.1,20.9,272.6,58.1,101.6,166.4,55.4,79.5,143.3,7009.4,29.9,1571.1,77,300.4
01/2019,195.3,0,0,0,888.5,2237.4,3321.2,119,3202.1,7.7,3194.5,1073.6,-35.5,4232.5,0.0%,100.0%,1076.7,1116,1027.6,27.6,57.9,23.6,125.4,11.2,25.5,32,21.2,318.2,51.3,80.5,147.2,44.6,74.6,121.4,8490.2,38.2,1874.1,72.1,315.8
02/2019,226.1,0,0,0,575.8,2130.4,2932.4,100.2,2832.2,10.1,2822.1,769,66,3657.1,0.0%,100.0%,1239.5,1184.8,1096.9,28.7,52.7,26.9,135.2,13.2,26.6,32.5,22.4,350.9,58.5,118.1,167.2,60.7,77.1,150.2,6453.4,26.9,1235.9,68.9,296.4
03/2019,206,0,0,0,437.8,2353.4,2997.1,82.5,2914.6,15.9,2898.6,888.3,-37.2,3749.7,0.0%,100.0%,1166.8,1112.7,862.6,26.7,51.8,20.6,129.7,12.9,25,21.6,22.6,333,58.5,107.4,167.1,47.5,74.6,146.2,5773,19.6,967.9,78.2,333.2
04/2019,205.3,0,0,0,451.8,1799.3,2456.4,106.2,2350.2,10.6,2339.6,879.4,288.7,3507.7,0.0%,100.0%,1271.2,1117.5,856.1,29.3,55.9,22.7,149.2,12.9,27.4,30.8,24.7,360.1,55.5,122.8,174.7,56.4,79.1,154.7,5267.8,18.3,1030,80,327.7
05/2019,344.7,0,0,0,941.5,1578.4,2864.6,98.6,2766,15.9,2750.1,935.2,-88.7,3596.6,0.0%,100.0%,1148,1068.1,837.7,27.1,54.1,21,144.9,11.8,26.8,32.5,23.9,305.4,53.5,99.5,166.5,50.3,72.9,139.2,5568.6,11.1,1608.1,82.6,344.2
06/2019,317.4,0,0,0,895.2,2088.7,3301.3,119.8,3181.6,5.1,3176.4,851.6,-387.7,3640.3,0.0%,100.0%,1260,1120.1,771,30.9,56.5,21.3,138.6,13.1,27,25.1,25.1,357.7,62.1,119.1,176.7,54.2,82,158,4898.5,7.6,1483.3,84.8,322.4
07/2019,214.3,0,0,0,1216.7,2265.2,3696.2,134.7,3561.5,11.5,3550,770.9,-36.3,4284.7,0.0%,100.0%,1260.2,1240.1,843.4,38.5,55.7,23.1,139.7,12.2,27,31.1,24,386.4,62.8,105.9,174.3,52.4,77.7,143.6,5334.5,6.8,1984.4,99,370.5
08/2019,190.4,0,0,0,1086,2214.6,3491,132.5,3358.5,6.9,3351.6,720.4,-249,3823,0.0%,100.0%,1302,1484.9,1037.8,46.8,56.8,27.2,106.9,13.8,27.2,30,25.4,385.9,67.7,125.2,199,54.5,86.3,152.9,4907.6,7.6,1917,94.2,318
09/2019,167.6,0,0,0,756.9,2245.5,3170,117.5,3052.5,9.3,3043.2,686.5,-69.2,3660.5,0.0%,100.0%,1094.9,1356.7,895.5,46,58,25.5,104.8,7,25.9,34.2,22.5,306.6,61.7,78.8,195.8,33.7,71.7,126.8,4955.9,7.6,1593,80.7,310.1
10/2019,171.3,0,0,0,691.7,2326,3189,117,3072,9.5,3062.5,717.6,-135.5,3644.7,0.0%,100.0%,1284.6,1230.1,757.1,35.5,54.6,23,135.5,12.3,26.3,30,24.2,390.9,65.5,116.4,187.7,51.8,76.2,145,5179.1,10.5,1460,87.1,346.2
11/2019,169.3,0,0,0,608,1692,2469.3,91.3,2378,25.4,2352.5,931.9,466.6,3751.1,0.0%,100.0%,1287.5,1237.5,907.3,29.5,41.5,24.5,140.7,13,28.7,33.3,26,362.5,67.3,117.8,183.1,56.2,80,154.5,6413.9,26.2,1328.6,77.9,321
12/2019,356.8,0,0,0,590.9,1664.2,2611.9,97,2514.9,46.9,2467.9,856.5,388.8,3713.3,0.0%,100.0%,1177.3,1153.8,977.8,27.3,42.8,22.2,139.2,12.2,27,35,23.9,319.7,51.5,108.8,169.9,53.4,77.6,137,6517.6,29.2,1310.2,83.4,320.3
01/2020,366.6,0,0,0,604.1,2356.2,3326.9,109.4,3217.5,35,3182.5,795.7,76.3,4054.4,0.0%,100.0%,1045.5,1153.5,1064.8,27.4,47.3,23.6,111.1,9.3,26.2,31.9,20.7,317,46.9,87.8,154.6,42.7,67.6,106.3,7461.3,37.5,1282.6,77.7,326.9
02/2020,318.6,0,0,0,406.4,2195.8,2920.8,101.6,2819.3,27.3,2791.9,823,-3.9,3611,0.0%,100.0%,1142.3,1160.9,993.2,26.1,50.6,24.2,133.2,12.1,25.3,24.8,21.9,316.5,59.9,110.7,159.5,51,76.5,126.6,5596.1,23.3,901.7,77.2,316.3
03/2020,395.5,0,0,0,205.7,2325.9,2927,97.2,2829.8,38.5,2791.3,874.4,-107.5,3558.3,0.0%,100.0%,1179.8,1063.1,858.2,25.2,47,23.2,129.3,11.9,25.4,30.2,22.8,330.3,68.8,114.6,168.6,51,74,129.8,5093,22,522.1,52.3,263.9
04/2020,505,0,0,0,294.9,2045.8,2845.7,98.4,2747.3,53.1,2694.2,723.1,-543.9,2873.4,0.0%,100.0%,1222,961.8,988.7,22.8,54.5,19.8,159.2,10.5,27.5,29.5,23.3,368.9,38.9,95.2,177,49.2,86.1,137,4136.1,12.7,706.4,17.4,156.5
05/2020,560.6,0,0,0,329.3,1516.1,2406.1,83.5,2322.6,28.4,2294.1,773.4,-8.6,3058.9,0.0%,100.0%,927.9,779.8,824.3,26.6,44.9,18.8,52.7,5.9,12.5,13.7,10.4,345.2,24.3,72.3,163.9,31.4,79.2,97.6,3775.5,5.2,771.9,32.3,204.5
07/2020,305.6,0,0,0,680.7,2310.3,3296.6,117.6,3179,18,3161.1,778.1,31.8,3970.9,0.0%,100.0%,1064.7,1055,848.1,35.3,49.4,24.5,70,6.2,20,30.8,16.9,363.1,52.4,92.5,164.4,42,71.1,110.8,4647.7,8.5,1445.1,91,319.8
06/2020,481.2,0,0,0,383.9,2000.5,2865.7,100.2,2765.5,19.8,2745.7,768.1,-267.5,3246.2,0.0%,100.0%,964.3,845.6,726.4,29.1,39,16.2,138.2,6.9,21.2,27.4,14.6,274.2,42.1,72.5,148,34.3,64.2,104.4,3865.5,6.1,835.7,62.9,261.2
08/2020,200.8,0,0,0,652.8,2298.5,3152.1,116.8,3035.3,13.6,3021.7,765.3,-100.9,3686.1,0.0%,100.0%,1235.3,1282.4,1034.3,45.7,46.4,26,115.8,8.1,22.2,31.4,19.7,372.7,75.9,108.7,187.5,50.5,75,141.7,4241,7.4,1394.4,84.2,273.7
09/2020,215.2,0,0,0,577.9,2083.9,2877,112.8,2764.2,16.7,2747.5,754,-26.9,3474.6,0.0%,100.0%,1001.7,1273.4,904.1,46.3,49.5,26,68.6,12.4,20.2,29.7,15.1,305.8,44.4,74.4,198.7,31.7,73,101.8,4472.1,6.7,1305.2,79.8,286.3
10/2020,264.4,0,0,0,579.7,1605.6,2449.7,88.4,2361.3,19.4,2342,928.8,273.9,3544.7,0.0%,100.0%,1198.1,1121,820.3,37.1,50.5,23.6,122,11.3,25.4,33,18.7,330.7,68.9,104.1,205.4,46.5,77.9,130.6,5027.2,14.7,1271.8,76.5,298
11/2020,258.2,0,0,0,532,1808.2,2598.4,99.8,2498.6,20.2,2478.3,746.3,303.3,3527.9,0.0%,100.0%,1222.2,1035,846,31.8,52.6,21.9,125.8,12,28,35.4,24.4,361,65.7,106.9,186.4,49.5,78.5,126.8,5539.3,19.3,1155.1,54.4,266.8
12/2020,267.3,0,0,0,295.1,2353.5,2915.9,107.5,2808.4,35.9,2772.5,962.2,102.1,3836.8,0.0%,100.0%,1174.7,1019.6,991.7,28,51.7,23.3,122.1,12,20.7,35.7,21.2,340.8,64.8,105.5,171.6,48.4,75.2,133.5,6256,35.1,705.4,67.9,287.5
01/2021,263.8,0,0,0,390.3,2316.7,2970.8,102.6,2868.2,37.3,2830.9,927.1,298.4,4056.3,0.0%,100.0%,1121.7,1097.3,1284.5,28.2,53.6,26.7,115.6,9.7,22.7,33.4,18.5,369.4,51.9,90.1,160.7,43.1,74,105.9,7152.3,38.2,934.1,49.8,237.8
02/2021,244,0,0,0,185.3,2011.3,2440.6,86.1,2354.5,47.5,2306.9,649.7,465,3421.6,0.0%,100.0%,1124,1050.7,975.5,25.7,51.3,24.8,136.5,11,18.9,28.1,17.8,327,59.6,91,163.9,46.1,78.6,120.7,5120.4,20.9,469.8,54.6,259.6
03/2021,256.8,0,0,0,235.2,2358.8,2850.8,104.8,2746,30.6,2715.4,760.8,242.5,3718.7,0.0%,100.0%,1102.7,955.6,897.4,24.6,50.5,20.9,130.1,11.6,20.1,29.2,19.4,290.4,58.2,107.7,160.1,50.9,75.1,129,5583,24.2,588.1,75.7,313.8
04/2021,237.1,0,0,0,367.1,2022.3,2626.5,104.3,2522.2,9.1,2513.1,659.8,186.6,3359.5,0.0%,100.0%,1222.1,1076.2,1006.8,28.9,55.7,24.4,128.6,12.9,27,36.6,22.6,336.3,64.9,110.4,183.8,54.8,83.2,136.6,5288.7,16.4,896.5,71.2,285.3
05/2021,342.6,0,0,0,338.3,1867.6,2548.4,93.5,2454.9,26.6,2428.4,728.5,176.8,3333.7,0.0%,100.0%,1118,950.9,776.7,26.7,53,23.4,125.2,11.7,22.9,32.2,20.4,299,59.3,101.4,166,47.8,82.9,125.8,4541.6,9.1,761.5,79.7,299.1
06/2021,317.7,0,0,0,509,1458.6,2285.4,88.7,2196.7,11.5,2185.2,657.5,674.6,3517.3,0.0%,100.0%,,,,,,,,,,,,,,,,,,,4538.6,7.4,1123.5,88.5,313.7
07/2021,198.9,0,0,0,383.9,2312.3,2895.1,113.6,2781.6,13,2768.6,729.3,403.2,3901,0.0%,100.0%,,,,,,,,,,,,,,,,,,,4344.3,8.3,851.8,97.9,329.2
10/2021,139.7,0,0,0,490.5,1905,2535.2,98.4,2436.8,16.7,2420.1,584,344.4,3348.5,0.0%,100.0%,,,,,,,,,,,,,,,,,,,4937.2,10.8,1078.5,87.1,304.5
11/2021,113.8,0,0,0,676.4,1488.6,2278.8,90.1,2188.7,16.5,2172.2,744.4,681.7,3598.2,0.0%,100.0%,,,,,,,,,,,,,,,,,,,6430.7,26.4,1464.3,81.6,310.8
12/2021,290.8,0,0,0,557.3,2157.1,3005.2,108.7,2896.5,27.6,2868.9,727.9,73.5,3670.3,0.0%,100.0%,,,,,,,,,,,,,,,,,,,6637.4,37.1,1215,85,310.8
01/2022,209.6,0,0,0,511,2358.7,3079.3,104.5,2974.8,16.8,2958.1,680.2,228.3,3866.5,0.0%,100.0%,,,,,,,,,,,,,,,,,,,6788.9,39.5,1116,70,284.1
